Feature_A,Feature_B,Abs_Correlation
RSI,RSI_Distance_From_50,1.0000000000000007
Adj Close,Close,1.0
MACD_Pct,EMA_12_26_Spread_Pct,0.9999999999999994
Daily_Return,Log_Return_1D,0.9996815697813873
Adj Close,Low,0.9990026841713499
Close,Low,0.9990026841713499
High,Open,0.9988704252197415
Return_5D_Pct,Return_Mean_5D_Pct,0.9987953639375895
SMA_14,EMA_12,0.9987222451496908
Close,High,0.9985404759615475
Adj Close,High,0.9985404759615475
SMA_7,EMA_12,0.9984643614631722
EMA_26,BB_Middle,0.9984520956042515
Return_10D_Pct,Return_Mean_10D_Pct,0.9984343181492206
Low,Open,0.998267525640539
Open,Close_Lag_1,0.9981688493557903
SMA_14,BB_Middle,0.9977507390334837
High,Low,0.9976177689285284
SMA_7,Close_Lag_3,0.9976068387783619
SMA_30,EMA_26,0.9975185073134037
Adj Close,Open,0.9974982635994749
Close,Open,0.9974982635994749
SMA_7,Close_Lag_2,0.9970269101099924
High,Close_Lag_1,0.9969076996517615
Return_20D_Pct,Return_Mean_20D_Pct,0.9968249403457984
Low,Close_Lag_1,0.996537568192719
SMA_14,EMA_26,0.9964176287400904
SMA_30,BB_Middle,0.9960316546158545
EMA_12,EMA_26,0.9957295351487152
EMA_12,BB_Middle,0.9956316309051959
Adj Close,Close_Lag_1,0.9955990393561781
Close,Close_Lag_1,0.9955990393561781
Close_Lag_1,Close_Lag_2,0.9955943037119361
Close_Lag_2,Close_Lag_3,0.9955937290508451
SMA_7,SMA_14,0.9954703807745826
SMA_7,Close_Lag_1,0.995331303066302
SMA_7,Close_Lag_5,0.9953134575320081
EMA_12,Close_Lag_3,0.9952858964285214
SMA_14,Close_Lag_7,0.9950604039138945
